codigo_ibge,Nome_Município,Territórios de Desenvolvimento,Aglomerado,Gerência Regional de Ensino GRE,População em 2022 IBGE,Faixa populacional
2200053,Acauã,Chapada Vale do Rio Itaim,14,17ª,6420,5.001 a 10.000 de habitantes
2200103,Agricolândia,Entre Rios,9,6ª,4940,Menos de 5.000 habitantes
2200202,Água Branca,Entre Rios,9,6ª,17573,10.001 a 20.000 de habitantes
2200251,Alagoinha do Piauí,Vale do Rio Guaribas,15,16ª,6819,5.001 a 10.000 de habitantes
2200277,Alegrete do Piauí,Vale do Rio Guaribas,15,16ª,4634,Menos de 5.000 habitantes
2200301,Alto Longá,Entre Rios,7,18ª,13479,10.001 a 20.000 de habitantes
2200400,Altos,Entre Rios,7,18ª,47453,20.001 a 50.000 de habitantes
2200459,Alvorada do Gurguéia,Chapada das Mangabeiras,26,14ª,5322,5.001 a 10.000 de habitantes
2200509,Amarante,Entre Rios,9,6ª,17234,10.001 a 20.000 de habitantes
2200608,Angical do Piauí,Entre Rios,9,6ª,6827,5.001 a 10.000 de habitantes
2200707,Anísio de Abreu,Serra da Capivara,19,13ª,9407,5.001 a 10.000 de habitantes
2200806,Antônio Almeida,Tabuleiros do Alto Parnaíba,25,11ª,3152,Menos de 5.000 habitantes
2200905,Aroazes,Vale do Sambito,10,7ª,5369,5.001 a 10.000 de habitantes
2200954,Aroeiras do Itaim,Vale do Rio Guaribas,12,9ª,2690,Menos de 5.000 habitantes
2201002,Arraial,Vale dos Rios Piauí e Itaueiras,21,6ª,4520,Menos de 5.000 habitantes
2201051,Assunção do Piauí,Carnaubais,6,5ª,7452,5.001 a 10.000 de habitantes
2201101,Avelino Lopes,Chapada das Mangabeiras,27,15ª,10866,10.001 a 20.000 de habitantes
2201150,Baixa Grande do Ribeiro,Tabuleiros do Alto Parnaíba,25,11ª,13272,10.001 a 20.000 de habitantes
2201176,Barra D'Alcântara,Vale do Sambito,11,7ª,3995,Menos de 5.000 habitantes
2201200,Barras,Cocais,3,2ª,47938,20.001 a 50.000 de habitantes
2201309,Barreiras do Piauí,Chapada das Mangabeiras,28,15ª,3264,Menos de 5.000 habitantes
2201408,Barro Duro,Entre Rios,9,18ª,6640,5.001 a 10.000 de habitantes
2201507,Batalha,Cocais,3,2ª,26300,20.001 a 50.000 de habitantes
2201556,Bela Vista do Piauí,Vale do Canindé,17,12ª,4091,Menos de 5.000 habitantes
2201572,Belém do Piauí,Chapada Vale do Rio Itaim,13,16ª,3423,Menos de 5.000 habitantes
2201606,Beneditinos,Entre Rios,8,18ª,9929,5.001 a 10.000 de habitantes
2201705,Bertolínia,Tabuleiros do Alto Parnaíba,24,11ª,5562,5.001 a 10.000 de habitantes
2201739,Betânia do Piauí,Chapada Vale do Rio Itaim,14,17ª,6220,5.001 a 10.000 de habitantes
2201770,Boa Hora,Carnaubais,5,2ª,6902,5.001 a 10.000 de habitantes
2201804,Bocaina,Vale do Rio Guaribas,12,9ª,4078,Menos de 5.000 habitantes
2201903,Bom Jesus,Chapada das Mangabeiras,26,14ª,28796,20.001 a 50.000 de habitantes
2201919,Bom Princípio do Piauí,Planície Litorânea,2,1ª,5636,5.001 a 10.000 de habitantes
2201929,Bonfim do Piauí,Serra da Capivara,19,13ª,5913,5.001 a 10.000 de habitantes
2201945,Boqueirão do Piauí,Carnaubais,5,5ª,6545,5.001 a 10.000 de habitantes
2201960,Brasileira,Cocais,4,3ª,8436,5.001 a 10.000 de habitantes
2201988,Brejo do Piauí,Vale dos Rios Piauí e Itaueiras,23,12ª,3904,Menos de 5.000 habitantes
2202000,Buriti dos Lopes,Planície Litorânea,2,1ª,19654,10.001 a 20.000 de habitantes
2202026,Buriti dos Montes,Carnaubais,6,5ª,7434,5.001 a 10.000 de habitantes
2202059,Cabeceiras do Piauí,Carnaubais,5,2ª,10212,10.001 a 20.000 de habitantes
2202075,Cajazeiras do Piauí,Vale do Canindé,16,8ª,3108,Menos de 5.000 habitantes
2202083,Cajueiro da Praia,Planície Litorânea,1,1ª,7957,5.001 a 10.000 de habitantes
2202091,Caldeirão Grande do Piauí,Chapada Vale do Rio Itaim,13,16ª,5503,5.001 a 10.000 de habitantes
2202109,Campinas do Piauí,Vale do Canindé,17,8ª,4938,Menos de 5.000 habitantes
2202117,Campo Alegre do Fidalgo,Serra da Capivara,18,12ª,4616,Menos de 5.000 habitantes
2202133,Campo Grande do Piauí,Vale do Rio Guaribas,15,9ª,6020,5.001 a 10.000 de habitantes
2202174,Campo Largo do Piauí,Cocais,3,2ª,7419,5.001 a 10.000 de habitantes
2202208,Campo Maior,Carnaubais,5,5ª,45793,20.001 a 50.000 de habitantes
2202251,Canavieira,Tabuleiros do Alto Parnaíba,24,10ª,3414,Menos de 5.000 habitantes
2202307,Canto do Buriti,Vale dos Rios Piauí e Itaueiras,23,12ª,19365,10.001 a 20.000 de habitantes
2202406,Capitão de Campos,Carnaubais,5,3ª,11100,10.001 a 20.000 de habitantes
2202455,Capitão Gervásio Oliveira,Serra da Capivara,18,12ª,3974,Menos de 5.000 habitantes
2202505,Caracol,Serra da Capivara,19,13ª,10318,10.001 a 20.000 de habitantes
2202539,Caraúbas do Piauí,Planície Litorânea,2,1ª,5630,5.001 a 10.000 de habitantes
2202554,Caridade do Piauí,Chapada Vale do Rio Itaim,14,17ª,5033,5.001 a 10.000 de habitantes
2202604,Castelo do Piauí,Carnaubais,6,5ª,19288,10.001 a 20.000 de habitantes
2202653,Caxingó,Planície Litorânea,2,14ª,5496,5.001 a 10.000 de habitantes
2202703,Cocal,Planície Litorânea,2,1ª,28212,20.001 a 50.000 de habitantes
2202711,Cocal de Telha,Carnaubais,5,1ª,4911,Menos de 5.000 habitantes
2202729,Cocal dos Alves,Planície Litorânea,2,1ª,6386,5.001 a 10.000 de habitantes
2202737,Coivaras,Entre Rios,7,18ª,4117,Menos de 5.000 habitantes
2202752,Colônia do Gurguéia,Chapada das Mangabeiras,26,10ª,6150,5.001 a 10.000 de habitantes
2202778,Colônia do Piauí,Vale do Canindé,16,8ª,6994,5.001 a 10.000 de habitantes
2202802,Conceição do Canindé,Vale do Canindé,17,17ª,4932,Menos de 5.000 habitantes
2202851,Coronel José Dias,Serra da Capivara,20,13ª,4250,Menos de 5.000 habitantes
2202901,Corrente,Chapada das Mangabeiras,28,15ª,27278,20.001 a 50.000 de habitantes
2203008,Cristalândia do Piauí,Chapada das Mangabeiras,28,15ª,7283,5.001 a 10.000 de habitantes
2203107,Cristino Castro,Chapada das Mangabeiras,26,14ª,10503,10.001 a 20.000 de habitantes
2203206,Curimatá,Chapada das Mangabeiras,27,15ª,11270,10.001 a 20.000 de habitantes
2203230,Currais,Chapada das Mangabeiras,26,14ª,4844,Menos de 5.000 habitantes
2203271,Curral Novo do Piauí,Chapada Vale do Rio Itaim,14,17ª,5073,5.001 a 10.000 de habitantes
2203255,Curralinhos,Entre Rios,8,18ª,4413,Menos de 5.000 habitantes
2203305,Demerval Lobão,Entre Rios,8,18ª,16352,10.001 a 20.000 de habitantes
2203354,Dirceu Arcoverde,Serra da Capivara,20,13ª,7054,5.001 a 10.000 de habitantes
2203404,Dom Expedito Lopes,Vale do Rio Guaribas,12,9ª,6320,5.001 a 10.000 de habitantes
2203453,Dom Inocêncio,Serra da Capivara,20,13ª,9159,5.001 a 10.000 de habitantes
2203420,Domingos Mourão,Cocais,4,3ª,4075,Menos de 5.000 habitantes
2203503,Elesbão Veloso,Vale do Sambito,11,7ª,13607,10.001 a 20.000 de habitantes
2203602,Eliseu Martins,Chapada das Mangabeiras,26,10ª,4377,Menos de 5.000 habitantes
2203701,Esperantina,Cocais,3,2ª,40970,20.001 a 50.000 de habitantes
2203750,Fartura do Piauí,Serra da Capivara,20,13ª,5284,5.001 a 10.000 de habitantes
2203800,Flores do Piauí,Vale dos Rios Piauí e Itaueiras,23,10ª,4414,Menos de 5.000 habitantes
2203859,Floresta do Piauí,Vale do Canindé,17,8ª,2333,Menos de 5.000 habitantes
2203909,Floriano,Vale dos Rios Piauí e Itaueiras,21,10ª,62036,Acima de 50.000 habitantes
2204006,Francinópolis,Vale do Sambito,11,7ª,4505,Menos de 5.000 habitantes
2204105,Francisco Ayres,Vale dos Rios Piauí e Itaueiras,21,6ª,4412,Menos de 5.000 habitantes
2204154,Francisco Macedo,Chapada Vale do Rio Itaim,13,16ª,2929,Menos de 5.000 habitantes
2204204,Francisco Santos,Vale do Rio Guaribas,15,9ª,8237,5.001 a 10.000 de habitantes
2204303,Fronteiras,Vale do Rio Guaribas,15,16ª,10259,10.001 a 20.000 de habitantes
2204352,Geminiano,Vale do Rio Guaribas,12,9ª,5445,5.001 a 10.000 de habitantes
2204402,Gilbués,Chapada das Mangabeiras,28,15ª,10892,10.001 a 20.000 de habitantes
2204501,Guadalupe,Tabuleiros do Alto Parnaíba,24,10ª,10270,10.001 a 20.000 de habitantes
2204550,Guaribas,Serra da Capivara,19,13ª,4276,Menos de 5.000 habitantes
2204600,Hugo Napoleão,Entre Rios,9,6ª,3518,Menos de 5.000 habitantes
2204659,Ilha Grande,Planície Litorânea,1,1ª,9274,5.001 a 10.000 de habitantes
2204709,Inhuma,Vale do Sambito,11,7ª,14958,10.001 a 20.000 de habitantes
2204808,Ipiranga do Piauí,Vale do Sambito,11,9ª,9420,5.001 a 10.000 de habitantes
2204907,Isaías Coelho,Vale do Canindé,17,8ª,7774,5.001 a 10.000 de habitantes
2205003,Itainópolis,Vale do Rio Guaribas,12,9ª,10790,10.001 a 20.000 de habitantes
2205102,Itaueira,Vale dos Rios Piauí e Itaueiras,23,10ª,10323,10.001 a 20.000 de habitantes
2205151,Jacobina do Piauí,Chapada Vale do Rio Itaim,14,17ª,5624,5.001 a 10.000 de habitantes
2205201,Jaicós,Chapada Vale do Rio Itaim,13,9ª,4180,Menos de 5.000 habitantes
2205250,Jardim do Mulato,Entre Rios,9,6ª,4494,Menos de 5.000 habitantes
2205276,Jatobá do Piauí,Carnaubais,5,5ª,4497,Menos de 5.000 habitantes
2205300,Jerumenha,Tabuleiros do Alto Parnaíba,24,10ª,17527,10.001 a 20.000 de habitantes
2205359,João Costa,Serra da Capivara,18,12ª,2970,Menos de 5.000 habitantes
2205409,Joaquim Pires,Cocais,3,2ª,13886,10.001 a 20.000 de habitantes
2205458,Joca Marques,Cocais,3,2ª,5394,5.001 a 10.000 de habitantes
2205508,José de Freitas,Entre Rios,7,18ª,42559,20.001 a 50.000 de habitantes
2205516,Juazeiro do Piauí,Carnaubais,6,5ª,5214,5.001 a 10.000 de habitantes
2205524,Júlio Borges,Chapada das Mangabeiras,27,15ª,5388,5.001 a 10.000 de habitantes
2205532,Jurema,Serra da Capivara,19,13ª,4425,Menos de 5.000 habitantes
2205557,Lagoa Alegre,Entre Rios,7,18ª,8256,5.001 a 10.000 de habitantes
2205573,Lagoa de São Francisco,Cocais,4,12ª,6331,5.001 a 10.000 de habitantes
2205565,Lagoa do Barro do Piauí,Serra da Capivara,18,18ª,4995,Menos de 5.000 habitantes
2205581,Lagoa do Piauí,Entre Rios,8,3ª,4810,Menos de 5.000 habitantes
2205599,Lagoa do Sítio,Vale do Sambito,11,7ª,4520,Menos de 5.000 habitantes
2205540,Lagoinha do Piauí,Entre Rios,9,6ª,2939,Menos de 5.000 habitantes
2205607,Landri Sales,Tabuleiros do Alto Parnaíba,24,10ª,5213,5.001 a 10.000 de habitantes
2205706,Luís Correia,Planície Litorânea,1,1ª,30641,20.001 a 50.000 de habitantes
2205805,Luzilândia,Cocais,3,2ª,25375,20.001 a 50.000 de habitantes
2205854,Madeiro,Cocais,3,2ª,8032,5.001 a 10.000 de habitantes
2205904,Manoel Emídio,Chapada das Mangabeiras,26,10ª,5209,5.001 a 10.000 de habitantes
2205953,Marcolândia,Chapada Vale do Rio Itaim,13,16ª,8533,5.001 a 10.000 de habitantes
2206001,Marcos Parente,Tabuleiros do Alto Parnaíba,24,10ª,4724,Menos de 5.000 habitantes
2206050,Massapê do Piauí,Chapada Vale do Rio Itaim,13,9ª,5218,5.001 a 10.000 de habitantes
2206100,Matias Olímpio,Cocais,3,2ª,10641,10.001 a 20.000 de habitantes
2206209,Miguel Alves,Entre Rios,7,18ª,32150,20.001 a 50.000 de habitantes
2206308,Miguel Leão,Entre Rios,8,6ª,1318,Menos de 5.000 habitantes
2206357,Milton Brandão,Cocais,4,3ª,6542,5.001 a 10.000 de habitantes
2206407,Monsenhor Gil,Entre Rios,8,18ª,10255,10.001 a 20.000 de habitantes
2206506,Monsenhor Hipólito,Vale do Rio Guaribas,15,9ª,7577,5.001 a 10.000 de habitantes
2206605,Monte Alegre do Piauí,Chapada das Mangabeiras,28,15ª,10660,10.001 a 20.000 de habitantes
2206654,Morro Cabeça no Tempo,Chapada das Mangabeiras,27,15ª,4377,Menos de 5.000 habitantes
2206670,Morro do Chapéu do Piauí,Cocais,3,2ª,6425,5.001 a 10.000 de habitantes
2206696,Murici dos Portelas,Planície Litorânea,2,1ª,9797,5.001 a 10.000 de habitantes
2206704,Nazaré do Piauí,Vale dos Rios Piauí e Itaueiras,21,10ª,6665,5.001 a 10.000 de habitantes
2206720,Nazária,Entre Rios,7,18ª,10262,10.001 a 20.000 de habitantes
2206753,Nossa Senhora de Nazaré,Carnaubais,5,5ª,5228,5.001 a 10.000 de habitantes
2206803,Nossa Senhora dos Remédios,Cocais,3,2ª,8525,5.001 a 10.000 de habitantes
2207959,Nova Santa Rita,Vale dos Rios Piauí e Itaueiras,22,12ª,4076,Menos de 5.000 habitantes
2206902,Novo Oriente do Piauí,Vale do Sambito,11,7ª,6097,5.001 a 10.000 de habitantes
2206951,Novo Santo Antônio,Carnaubais,6,18ª,2827,Menos de 5.000 habitantes
2207009,Oeiras,Vale do Canindé,16,8ª,38138,20.001 a 50.000 de habitantes
2207108,Olho D'Água do Piauí,Entre Rios,9,6ª,2637,Menos de 5.000 habitantes
2207207,Padre Marcos,Chapada Vale do Rio Itaim,13,16ª,6382,5.001 a 10.000 de habitantes
2207306,Paes Landim,Vale dos Rios Piauí e Itaueiras,22,12ª,4088,Menos de 5.000 habitantes
2207355,Pajeú do Piauí,Vale dos Rios Piauí e Itaueiras,23,12ª,3000,Menos de 5.000 habitantes
2207405,Palmeira do Piauí,Chapada das Mangabeiras,26,14ª,4952,Menos de 5.000 habitantes
2207504,Palmeirais,Entre Rios,9,18ª,13264,10.001 a 20.000 de habitantes
2207553,Paquetá,Vale do Rio Guaribas,12,9ª,3813,Menos de 5.000 habitantes
2207603,Parnaguá,Chapada das Mangabeiras,27,15ª,10103,10.001 a 20.000 de habitantes
2207702,Parnaíba,Planície Litorânea,1,1ª,162159,Acima de 50.000 habitantes
2207751,Passagem Franca do Piauí,Entre Rios,9,18ª,4135,Menos de 5.000 habitantes
2207777,Patos do Piauí,Chapada Vale do Rio Itaim,14,17ª,5425,5.001 a 10.000 de habitantes
2207793,Pau D'Arco do Piauí,Entre Rios,7,18ª,3880,Menos de 5.000 habitantes
2207801,Paulistana,Chapada Vale do Rio Itaim,14,17ª,21055,20.001 a 50.000 de habitantes
2207850,Pavussu,Vale dos Rios Piauí e Itaueiras,23,10ª,3628,Menos de 5.000 habitantes
2207900,Pedro II,Cocais,4,3ª,37894,20.001 a 50.000 de habitantes
2207934,Pedro Laurentino,Vale dos Rios Piauí e Itaueiras,22,12ª,2458,Menos de 5.000 habitantes
2208007,Picos,Vale do Rio Guaribas,12,9ª,83090,Acima de 50.000 habitantes
2208106,Pimenteiras,Vale do Sambito,11,7ª,11341,10.001 a 20.000 de habitantes
2208205,Pio IX,Vale do Rio Guaribas,15,16ª,17613,10.001 a 20.000 de habitantes
2208304,Piracuruca,Cocais,4,3ª,28846,20.001 a 50.000 de habitantes
2208403,Piripiri,Cocais,4,3ª,65538,Acima de 50.000 habitantes
2208502,Porto,Cocais,3,2ª,12052,10.001 a 20.000 de habitantes
2208551,Porto Alegre do Piauí,Tabuleiros do Alto Parnaíba,24,11ª,2364,Menos de 5.000 habitantes
2208601,Prata do Piauí,Vale do Sambito,10,18ª,3042,Menos de 5.000 habitantes
2208650,Queimada Nova,Chapada Vale do Rio Itaim,14,17ª,8738,5.001 a 10.000 de habitantes
2208700,Redenção do Gurguéia,Chapada das Mangabeiras,27,14ª,8394,5.001 a 10.000 de habitantes
2208809,Regeneração,Entre Rios,9,6ª,17133,10.001 a 20.000 de habitantes
2208858,Riacho Frio,Chapada das Mangabeiras,28,15ª,4165,Menos de 5.000 habitantes
2208874,Ribeira do Piauí,Vale dos Rios Piauí e Itaueiras,22,12ª,4055,Menos de 5.000 habitantes
2208908,Ribeiro Gonçalves,Tabuleiros do Alto Parnaíba,25,11ª,6164,5.001 a 10.000 de habitantes
2209005,Rio Grande do Piauí,Vale dos Rios Piauí e Itaueiras,23,10ª,5801,5.001 a 10.000 de habitantes
2209104,Santa Cruz do Piauí,Vale do Canindé,16,9ª,5831,5.001 a 10.000 de habitantes
2209153,Santa Cruz dos Milagres,Vale do Sambito,10,7ª,3435,Menos de 5.000 habitantes
2209203,Santa Filomena,Chapada das Mangabeiras,28,15ª,6087,5.001 a 10.000 de habitantes
2209302,Santa Luz,Chapada das Mangabeiras,26,14ª,5336,5.001 a 10.000 de habitantes
2209377,Santa Rosa do Piauí,Vale do Canindé,16,8ª,4650,Menos de 5.000 habitantes
2209351,Santana do Piauí,Vale do Rio Guaribas,12,9ª,4125,Menos de 5.000 habitantes
2209401,Santo Antônio de Lisboa,Vale do Rio Guaribas,12,9ª,5839,5.001 a 10.000 de habitantes
2209450,Santo Antônio dos Milagres,Entre Rios,9,6ª,2138,Menos de 5.000 habitantes
2209500,Santo Inácio do Piauí,Vale do Canindé,17,8ª,3646,Menos de 5.000 habitantes
2209559,São Braz do Piauí,Serra da Capivara,19,13ª,4358,Menos de 5.000 habitantes
2209609,São Félix do Piauí,Vale do Sambito,10,7ª,2842,Menos de 5.000 habitantes
2209658,São Francisco de Assis do Piauí,Vale do Canindé,17,17ª,5572,5.001 a 10.000 de habitantes
2209708,São Francisco do Piauí,Vale do Canindé,16,10ª,5392,5.001 a 10.000 de habitantes
2209757,São Gonçalo do Gurguéia,Chapada das Mangabeiras,28,15ª,2947,Menos de 5.000 habitantes
2209807,São Gonçalo do Piauí,Entre Rios,9,6ª,4837,Menos de 5.000 habitantes
2209856,São João da Canabrava,Vale do Rio Guaribas,12,9ª,4242,Menos de 5.000 habitantes
2209872,São João da Fronteira,Cocais,4,3ª,5552,5.001 a 10.000 de habitantes
2209906,São João da Serra,Carnaubais,6,5ª,6114,5.001 a 10.000 de habitantes
2209955,São João da Varjota,Vale do Canindé,16,8ª,4383,Menos de 5.000 habitantes
2209971,São João do Arraial,Cocais,3,2ª,8186,5.001 a 10.000 de habitantes
2210003,São João do Piauí,Serra da Capivara,18,12ª,21421,20.001 a 50.000 de habitantes
2210052,São José do Divino,Cocais,4,3ª,4841,Menos de 5.000 habitantes
2210102,São José do Peixe,Vale dos Rios Piauí e Itaueiras,22,10ª,3297,Menos de 5.000 habitantes
2210201,São José do Piauí,Vale do Rio Guaribas,12,9ª,6597,5.001 a 10.000 de habitantes
2210300,São Julião,Vale do Rio Guaribas,15,16ª,6025,5.001 a 10.000 de habitantes
2210359,São Lourenço do Piauí,Serra da Capivara,20,13ª,4410,Menos de 5.000 habitantes
2210375,São Luis do Piauí,Vale do Rio Guaribas,12,9ª,2309,Menos de 5.000 habitantes
2210383,São Miguel da Baixa Grande,Vale do Sambito,10,7ª,2269,Menos de 5.000 habitantes
2210391,São Miguel do Fidalgo,Vale dos Rios Piauí e Itaueiras,22,8ª,2829,Menos de 5.000 habitantes
2210409,São Miguel do Tapuio,Carnaubais,6,5ª,17554,10.001 a 20.000 de habitantes
2210508,São Pedro do Piauí,Entre Rios,9,6ª,13755,10.001 a 20.000 de habitantes
2210607,São Raimundo Nonato,Serra da Capivara,20,13ª,38934,20.001 a 50.000 de habitantes
2210623,Sebastião Barros,Chapada das Mangabeiras,28,15ª,3202,Menos de 5.000 habitantes
2210631,Sebastião Leal,Tabuleiros do Alto Parnaíba,25,11ª,4446,Menos de 5.000 habitantes
2210656,Sigefredo Pacheco,Carnaubais,5,5ª,9460,5.001 a 10.000 de habitantes
2210706,Simões,Chapada Vale do Rio Itaim,13,16ª,14350,10.001 a 20.000 de habitantes
2210805,Simplício Mendes,Vale do Canindé,17,12ª,13870,10.001 a 20.000 de habitantes
2210904,Socorro do Piauí,Vale dos Rios Piauí e Itaueiras,22,12ª,4141,Menos de 5.000 habitantes
2210938,Sussuapara,Vale do Rio Guaribas,12,9ª,6220,5.001 a 10.000 de habitantes
2210953,Tamboril do Piauí,Vale dos Rios Piauí e Itaueiras,23,12ª,2949,Menos de 5.000 habitantes
2210979,Tanque do Piauí,Vale do Canindé,16,8ª,2316,Menos de 5.000 habitantes
2211001,Teresina,Entre Rios,7,"4ª, 19ª, 20ª, 21ª",866300,Acima de 50.000 habitantes
2211100,União,Entre Rios,7,18ª,46119,20.001 a 50.000 de habitantes
2211209,Uruçuí,Tabuleiros do Alto Parnaíba,25,11ª,25203,20.001 a 50.000 de habitantes
2211308,Valença do Piauí,Vale do Sambito,11,7ª,22279,20.001 a 50.000 de habitantes
2211357,Várzea Branca,Serra da Capivara,19,13ª,5055,5.001 a 10.000 de habitantes
2211407,Várzea Grande,Vale do Sambito,11,7ª,4417,Menos de 5.000 habitantes
2211506,Vera Mendes,Vale do Rio Guaribas,12,9ª,3185,Menos de 5.000 habitantes
2211605,Vila Nova do Piauí,Vale do Rio Guaribas,15,16ª,2935,Menos de 5.000 habitantes
2211704,Wall Ferraz,Vale do Canindé,16,9ª,4059,Menos de 5.000 habitantes
